annotation,n,mean_percentile,ci_lo_95,ci_hi_95,excludes_0.5
n_hist_ties,119,0.8202662078024201,0.7805992771302546,0.8565226127989509,True
n_current_ties,119,0.8196624019589656,0.7724847789604764,0.8608659301061876,True
candidate_degree_all,119,0.8189061457935692,0.7716944658931589,0.8604996126448294,True
candidate_degree_l2,119,0.7452131875116207,0.6925361998158269,0.7925139189713108,True
w_tenure_smooth,119,0.2210574942878812,0.17842347439713277,0.27372463623175974,True
w_redundancy,119,0.21566212811948965,0.17356206237681138,0.2570962013588839,True
annotated_value_synthetic,119,0.15384808006732725,0.11942738210787755,0.19156928767876386,True
dep_risk,81,0.08413465624364633,0.07187227219141172,0.09570382249410549,True
